text,label_id
candidato pobres chegando ontem tarde aeroporto congonhas sp ferrari vale um milhao oitocentos mil,1
empresa frauda apuração votos pt,1
ministro mercadante protestou estados municipios atrapalhando plano bolsonaro partido psl,1
esquema fake news respeito jair bolsonaro revelado declaracao sobre salario feminicidio,1
foram movimentadas cargas roubadas somam oitocentos milhoes toneladas trinta sete portos brasileiros,2
sempre pronuncia palavra fascista referindo lula alguem presenciou haddad pt,1
torturado fernando haddad pt vice presidente mourao noticia divulgada,1
governadores presidente manifestaram apoio contrario debate candidato fernando haddad pt,1
projeto seguranca aprovado bolsonaro vinte oito anos depois mandato pt,2
fernando haddad aparece vinte cinco porcento acima pesquisa data folha,2
sera criada creche comunitaria estado objetivo olhar filhos relata jair bolsonaro,1
gastos cidade sao paulo aumentou treze porcento mandato fernando haddad pt,1
supremo tribunal federal divulgou tabela nacional constitucional,1
diferenca nove pontos afasta vitoria fernando haddad pt,1
rio janeiro criara hospitais universitarios federais mandato fernando haddad,2
empregos criados passam vinte milhoes durante doze anos pt,2
plano governo haddad pt tem proposta criar estatais indo contra proposta bolsonaro psl,1
proponho violencia diz defensor partido jair bolsonaro,1
brasil nao sufoca ricos todo mundo pode falar jair bolsonaro tera protecao,1
vice canditado mourao falou citou acabar decimo terceiro salario mandato canditado jair bolsonaro,1
numeros empregos estados unidos cresce governo trump,2
kit distribuido governo federal escolas publicas programa criado mec,1
audio haddad vazado falando bolsonaro epoca frequentou exercito,1
haddad cita mandamentos livro escrito lenin repercutiu entre partidos,1
movimento lula livre tem prisao maconha apreendida entre manifestantes,1
candidato chega aeroporto congonhas ferrari vale um milhao oitocentos mil,1
bolsonaro encontra bispo edir macedo provoca polemica lado imagem padroeira brasil,1
pl torna ato pedofilia legal criancas partir doze anos duzentos trinta seis casos deixaria ser crime,1
site sobre politica internacional declarou entao deputado federal jair bolsonaro politico honesto mundo,1
brasil maior paises utiliza agrotoxicos mundo durante governo pt,2
adversario jair bolsonaro canditado fernando haddad pt contra tortura,2
pesquisa aponta sessenta nove porcento cidadaos brasileiros plenamente favor governo fernando haddad pt,2
lula realiza votacao primeiro turno jair bolsonaro tambem,1
haddad diz kit gay invencao praticas escolas declarcao jair bolsonaro,1
estudos mostram quarenta porcento estudantes ensino superior sao analfabetos funcionais em governo bolsonaro,1
fernando haddad falou favor soltar criminosos cadeia jair bolsonaro contra,1
governo chega quatro trilhoes divida interna durante mandato bolsonaro,2
haddad faz declarcao lula dizendo ser verdadeiro presidente caso vitoria eleicoes,1
vice haddad manoela davila garante apoio lgbt nacao brasileira caso pt volte comandar pais,1
nordeste nunca recebeu votacao tao expressiva contra pt ultimas eleicoes,1
maioridade penal preve povo declara desejo reducao,2
setecentos setenta sete eleitores escolhe candidato conseguindo nove mil novecentos nove votos nas eleicoes,1
midia brasileira destaca fake news descreditar candidatura bolsonaro candidato presidencial,1
haddad declara eleicao ter acabado pede dignidade entre eleitores,1
programa autocompletar voto urna eletronica faz fernando haddad ter cautela declaracao sobre eleicoes,1
camiseta amarela identifica campanha bolsonariano colocando numero dezessete voto,1
epoca protesta contra padres casados exigem divorcio relacionamentos compromisso gays perante igreja,1
jean wyllys ministro educacao sera declarado durante governo fernando haddad pt,1
palhaco circo cita biblia contra jean wyllys,1
universitarios fazem manifestacao contra candidato bolsonaro psl durante semana,1
ciro gomes faz declaracao sobre igreja catolica relatando inimigo protestantes,1
van apreendida pela pf tinha cento cinquenta dois urnas eletronicas apuradas vencendo haddad,1
artistas criam movimento hashtag elenao referenciando lei rouanet repercutindo nacionalmente,1
dois mil dez plano governo criou movimento combater homofobia escolas ensino fundamental partir seis anos idade impedindo assistirem filmes meninos beijando meninas,1
processo conduzido delegado condena dois anos homem confianca fernando pimentel,1
regime maduro defendido declaracao feita representante pt declaracao realizada repercutiu outros partidos,2
jose dirceu declarou entrevista radio tirar poderes supremo tribunal federal caso necessario,2
cristianismo tende diminuir caso populares declarem jesus unico deus momento,1
geraldo alckmin relata sao paulo tera superavit cinco bilhoes seu mandato,2
divida cofres publicos caiu metade periodo mandato fernando haddad pt,1
alvaro dias partido podemos debate destacou nao receber auxilio moradia verba indenizatoria ,2
bolsas concedidas prouni durante governo fernando haddad pt chegam dois milhoes ,2
guilherme boulos psol diz liberar dinheiro fies universidade publica,1
entrevista alvaro dias destaca linha pobreza chegando mais cinquenta dois milhoes brasileiros ultimos dez anos,2
bolsonaro criticado receber auxilio moradia mesmo tendo casa destca guilherme boulos,2
presidenta dilma massacrada henrique meirelles mdb ter prometido entregar governo seis mil creches quando entregou apenas oitenta,1
guilherme boulos psol nao paga ipva carro notificado orgao responsavel,2
acoes taurus aumentaram cento oitenta porcento ultimos sessenta dias chegando marca surpreendente,2
bolsonaro diz vai acabar décimo terceiro ferias ciro gomes nao aprova postura,2
icms farinha trigo pao macarrao sera zerado diz geraldo alckmin video,2
saiu pesquisa mostrando oitenta seis porcento aprovacao fernando haddad pt eleicoes,2
brasil tem setecentos sessenta mil pessoas presas financeiramente diz ciro gomes nome sujo,2
setenta porcento presos sao jovens uso drogas,1
mulher gravida trabalha casa obriga reforma trabalhista proposta governo marina,2
pessoa pobre obrigada pagar pericia caso esta justica,2
governo fhc carga tributaria era vinte seis porcento durante  fernando haddad pt trinta dois porcento,2
reduzimos imposto etanol vinte cinco porcento pais,2
governo federal ha dezesseis anos sem geraldo alckmin psdb candidato,1
mais trinta dois milhoes pessoas tem renda gerada atraves bico relata ciro gomes,2
acumulados quase quatrocentos bilhoes dolares reservas cambiais governo pt,2
ministro educacao destaca triplicado numero universitarios brasil nos ultimos dez anos,1
comercio fecharam portas brasil chegam duzentos vinte mil pontos,2
fernando haddad disse vai chamar constituinte bases,2
educacao saude tem crescimento acima inflacao,2
boulos dizer querer fazer reparo respeitoso educacao saude,2
mais catorze milhoes familias dependem programa bolsa familia brasil,2
brasil quer mellhorar comunicacao satelite,1
nomeado bolsonaro assume congresso nacional participacao processo plebiscito nacional,2
mais cinquenta dois milhoes pessoas estao linha pobreza aponta pesquisa,2
evento seis setembro incriminou agente camara atraves carteira identidade,1
sistema voto eletronico eleitoral nao existe outro lugar,1
dilma obteve dois mil catorze mais cem mil votos eletronico chegando poder,1
portesto favor mulher ganhar menos homem,1
apos estatuto desarmamento aumentou criminalidade,1
exmulher desmente materia veja,1
ideb sao paulo cresce primeiro ciclo ensino medio durante governo geraldo alckmin psdb,2
ciro gomes cita estado menor mortalidade infantil brasil,1
dono jatinho helicoptero nao paga imposto ipva,2
mandato fernando haddad pt geraram doze anos mais vinte milhoes empregos,2
marina apoiou movimento impeachment contra temer,2
brasil tem mais quatrocentos milhoes extrema pobreza aponta pesquisa,1
aqueles aposentam sessenta cinco anos idade ganham menos relata henrique meirelles,2
brasil tem hoje maior indice desemprego sobre mulheres,2
pesquisas mostram ciro gomes ganhando bolsonaro segundo turno,2
ministro educacao diz ter levado banda larga todas escolas urbanas,1
alvaro dias podemos expulso psdb por ter apoiado cpi investigar corrupcao,2
fhc aumentou trinta dois porcento pib carga tributaria durante governo relacao fernando haddad,2
pt nao aumentou pib carga tributaria fernando haddad sao paulo,2
populacao jovens chega terco desempregados apos governo pt,2
fechamento escolas aumentaram governo psdb todo pais,1
geraldo alckmin apresentou propostas combater criminalidade pais plano governo,1
bolsonaro mesmo trinta anos congresso nunca presidiu comissao camara deputados,2
ciro gomes pdt tem ficha limpa declarada eleicoes,2
ciro gomes destaca governo ceara tem ensino medio escola publica integral fazendo tres refeicoes estagio empresa,2
prouni beneficiou mais dois milhoes estudantes baixa renda governo pt,2
mais vinte milhoes emprego foram criados governo fernando haddad,1
henrique meireles diz governo mdb criou mais dez milhoes empregos,2
alvaro dias podemos governador parana noventa porcento aprovacao dois mil dez,2
reducao desmatamento chegou mais oitenta porcento mesmo periodo ano passado,1
idade minima hoje aposentadoria sessenta cinco anos homens sessenta mulheres,2
atualmente cinco bancos dois publicos concentram oitenta porcento credito nacional,2
bolsonaro surtando apos divulgacao pesquisa ibope,1
deputados irao votar pedido lulaladrao dilma defende,1
programa divida zero anunciado apos ciro mencionar programa nome limpo,1
arquivado processo jose serra caixa dois,1
dois bancos publicos concentram oitenta porcento credtio,2
brasil atraiu maior investimento estrangeiro durante governos pt,2
henrique meirelles mdb nunca teve envolvimento corrupcao nao tem nenhum processo,2
brasil registra sessenta três mil assassinatos ano,2
nove milhoes pessoas estao linha pobreza aponta pesquisa ibope,2
marina silva questiona salarios menores mulheres lutara mudar situacao,2
marina destaca alto numero pessoas morrem causa hepatite c,1
assumi pib queda cinco porcento diz henrique meirelles debate,2
governo fernando haddad pt gerou dois milhoes empregos carteira assinada,2
estupros pais chegam mais sessenta mil,2
prouni criou mais dois milhoes bolsas jovens baixa renda durante governo pt dois mil oito,2
geraldo alckmin psdb votou contra impeachment presidente fhc,1
ciro gomes pdt defende imposto deve pago proporcionalmente renda cada cidadao,2
governos passados tiveram sessenta dois milhoes cidadaos linha pobreza debate alvaro dias,1
dilma temer governo demarcou menos terras agricultura,2
ciro gomes diz estado ceara cobra oito porcento sobre herancas enquanto sao paulo cobra quatro porcento,2
agricultura familiar representa oitenta porcento comida mesa cidadaos,2
pronaf nunca recebeu tantos recursos governo pt,1
pesquisa aponta bolsonaro nao vencera primeiro turno,1
brasil cada cem alunos cinquenta nove abandonam ensino medio,1
estado sao paulo tem menor evasao escolar entre estados brasil,1
sao paulo nao aumentou imposto icms durante governo fernando haddad pt,1
estado sao paulo registra superavit ano passado chegando mais cinco bilhoes,2
poucos paises tem inflation target meta inflacao definida anualmente ,1
inflacao chega três porcento mes,1
reforma trabalhista tem promessa superar desemprego novecentos oitenta mil brasil,1
pais crescendo desemprego chegando proximo três porcento periodo ano passado,2
assinado indulto lula nomeia chefe casa civil,1
pt surgiu periodo ditadura militar durante governo fhc,2
rachel dodge argumenta contra voto impresso eleicoes,2
roubos veiculos aumnetou quarenta quatro porcento,2
homicidios reduzidos sessenta porcento periodo dois mil doze,1
bolsa familia sera cortado caso temer assuma presidencia pais,1
gasolina diesel aumentaram durante governo temer,2
candidatura ciro gomes pdt vetada ficha limpa,2
alvaro dias podemos senador mais bem votado brasil,2
reeleicao dilma rousseff nao caminha bem,1
afastamento renato duque teria suspeita envolvimento esquema propina,1
metas cento vinte três pontos cumpridas,2
entreguei prefeitura sp caixa cinco bilhoes,2
foto gleisi hoffmann encontrada celular adelio bispo revela ligacao dois,1
apos dois anos governo bolsonaro brasil volta mapa fome,1
brasil consegue subir vinte milhoes empregos doze anos governo pt,2
sera duplicado vagas publicas universidades federais proposta governo pt,2
mais vinte porcento professores educacao basica nao possuem licenciatura,1
oito porcento pessoas nao estudavam trabalhavam ano dois mil dezessete,2
catorze porcento jovens ate vinte nove anos nao completou ensino medio governo jair bolsonaro,2
creches concentra atualmente criancas zero três anos vinte porcento capacidade,2
maioria estudantes ensino medio nao atinge niveis proficiencia,2
homem atacou bolsonaro identificado fotos,1
dez milhoes empregos foram criados brasil ultimos oito anos,2
fortuna meirelles chega quase quatrocentos milhoes segundo proprio delcarou tse,2
taxa juros cartao credito dois mil dezesseis chegou quinhentos trinta dois porcento,1
portugal banco central define taxa juros dezesseis porcento ano,2
ultimos dez anos ceara dobrou numero homicidios,2
escolas ensino medio ceara oferecem estagio remunerado,1
ocupando mesma posicao mesmas funcoes homens mulheres devem ganhar iguais,2
vigésimo estado mais perigoso pais destaca debate geraldo alckmin psdb,2
pais registra quinta morte contra mulheres,2
mulheres negras sao agredidas protestos contra marina silva rede,2
presidios sao paulo noventa mil presos,1
brasil chega marca trinta três mil assassinatos jovens ano,2
brasil tem mulher pela primeira vez historia presidente republica,2
geraldo alckmin cria programa beneficia mulheres,2
governo temer diminui liberacao bolsa familia,1
lula decidi ser candidato mesmo registro negado pt,2
henrique meirelles tem varios processos,1
dois mil dois brasileiros sofre grave crise economica alta inflacao,2
impeachment dilma fo pedido alvaro dias podemos,2
temer alvaro dias sao cassados,2
ciro gomes diz divida media cidadaos brasileiros chega quatro mil spc,2
pf descobre esquema planejou assassinato jair bolsonaro durante campanha eleicoes,1
ministro educacao apoia candidatura michel temer,2
ministerio saude tres ministerios caem diz michel temer video divulgado,2
ministro industria comercio marcos pereira apoia candidatura geraldo alckmin,2
geraldo alckmin voltou dizer psdb ajudou durante governo michel temer,2
jose serra nomeado ministerio relacoes exteriores presidente michel temer,2
psdb tem marior numero representante dentro palacio planalto,2
brasil criou neste ano mais quatrocentos quarenta oito mil vagas carteiras assinadas,2
capital investimento infraestrutura muito baixo comparado india quarenta porcento menos,1
investimento nacional chega dois mil treze vinte porcento pib seguida apresentou quedas constantes,2
populacao pobre chega atualmente treze milhoes pessoas segundo pesquisa ibge pior situacao ultimos dez anos,2
governo jk producao industrial cresceu media dez porcento ano,2
criticas ministerio meio ambiente demora liberacao licenciamento,1
candidata marina silva fala operacao lava jato,1
partir dois mil dez defendo regime capitalizacao,2
estudo mostra mais oitenta porcento atividades domesticas realizadas mulheres,2
apos temer assumir presidencia deficit publico aumentou cinco porcento,1
mais vinte cinco mil homicidios pais atla cinco porcento mesmo periodo ano passado,1
populacao abaixo linha pobreza maioria sao mulheres filhos catorze anos,1
producao agriculta agropecuaria crescimento vinte dois porcento ano media ultimos dez anos,2
movimento lgbt cento oitenta escolas ensinando heteronormatividade relacao homem mulher ta errado,1
seminario lgbt infantil discutiu lancamento material combater homofobia kit gay,1
governo fala empregaria mulheres salario menor homens,1
unico parlamentar votar contra pec domesticas ambos turnos,1
candidato explicita programa governo correcao carga tributaria nacional,1
um terco escolas ensino medio ceara tempo integral,1
lava jato nao tem nenhum politico preso partido psdb,2
fui governador mais popular brasil estado ceara,2
brasil caiu dezessete posicoes ultimos oito anos,1
brasil gerou milhao empregos direto indiretamente em dois mil dezessete,1
setecentos noventa cinco mil empregos foram criados partir biocombustiveis,2
atualmente brasil possui maior ranking mundial transtornos ansiedade aponta pesquisa,2
familias recebiam bolsa familia governo irregular dois mil dezessete deixaram receber beneficio,1
cotas contribui aumento duzentos sessenta seis porcento estudantes negros universidades brasileiras,1
matriculas nivel superior passaram dois milhoes dois mil oito,2
populacao brasil tem vinte dois porcento planos saude privados,2
ano dois mil dezesseis mortes violentas brasil eram dois porcento relacionadas acoes policiais,1
dois mil dezesseis custo total uniao dezoito empresas dependentes governo federal,1
brasil tera deficit primario cento vinte nove bilhoes previsao dois mil dezenove,2
dois mil dezenove valor renuncias tributarias somam mais trezentos três bilhoes,2
camara sao paulo nao possui projeto aprovado ultimos anos,1
lula diz ter orgulho unico presidente conseguir pagar fmi,2
gasto ensino superior chega terco gasto ensino basico governo jair bolsonaro,2
alta porcentagem alunos termina ensino basico nao sabe interpretar texto nao sabem fazer operacoes simples matematica,2
brasil investe apenas seis porcento pib educacao governo bolsonaro,2
governo propoe aprimoramento programa bolsa familia meta garantir cada brasileiro aumente renda atual,1
economia cresceu durante governo pt media quinte porcento ano,1
nuermos apontam governo pt gerou mais vinte milhoes empregos carteira assinada,2
salario minimo reajustado abaixo inflacao,2
pesquisa aponta mulheres sao maioria cursos posgraduacao,2
forte explosao eua causam varias mortes pais,1
michel temer aprova reforma previdencia idade minima sessenta cinco homens sessenta mulhres,1
proposta reforma previdencia tera sessenta cinco anos idade minima aposentadoria inclusive policial militar,1
parlamentar solta fala mulheres deveriam ganhar menos homens porque engravidam,1
brasil tem mais cinquenta porcento territorio indigena quilombola protecao ambiental,1
seis porcento pib brasil investido educacao,2
venezuela tem denuncia ditadura feita itamaraty todos jornais,2
metade efetivo onze mil policiais federais fica carimbando papel atualmente,1
salario minimo durante governo lula subiu setenta seis poder compra brasileiros,1
mais noventa três porcento trabalhadores carteira assinada nao sao contribuem sindicato,2
gastos deste ano gabinete superou cota passagem onibus empresas,1
deputado relata morar apartamento proprio nao uso auxiliomoradia direito,2
joel malucelli empresa estao sendo investigados corrupcao,2
portugueses exploraram continente africano durante epoca escravidao brasil,1
candidato relata nunca disse seria vice aecio eleicoes,1
eua tem diminuicao carga tributaria governo trump,2
ciro gomes citado debate parlamentar oito anos nao apresentou nenhum projeto,2
alberto youssef faz delacao premiada citando tres deputados federais,2
dinheiro petrobras destinado ana amelia jair bolsonaro paulo maluf falou alberto youssef delacao premiada,2
imposto heranca brasil chega mais oito porcento,2
donos carro pagou ipva comeco ano desconto,2
tabela sus nao corrigida ha mais dez anos,1
educacao basica tem apenas trinta porcento orcamento educacao nacional,2
geraldo alckmin perde pesquisa sao paulo,1
cassar mandato deputado federal partidos mesmos parlamentares,2
brasil mais trinta porcento maes solteiras chefe familia,2
emenda constitucional relativiza propriedade privada,1
riqueza brasileira origem industria onze porcento em mil novecentos oitenta ,1
mais sessenta três milhoes brasileiros estao hoje nomes sujos spc serasa,2
trinta dois milhoes brasileiros homens mulheres ganham pao informalidade,2
condenacao provas sentenca envia prisao atos indeterminados,1
economia paraguai vem crescendo mais seis porcento ano,1
pesquisa mostra mais setenta porcento jovens nao sabem regra tres simples,2
recentemente nenhuma empresa criada socio pais,1
mais catorze milhoes cirurgias eletivas foram realizadas brasil ano,1
sessenta mil homicidios foram registrados brasil ultimos doze meses,2
brasil tem menor porcentagem criancas creches quatro anos,2
cinquenta porcento mulheres maes filho ate um ano nao trabalham,2
maes filho nao consegue voltar mercado trabalho,2
brasil aumentou icms alcool vinte cinco porcento,1
icms alcool sao paulo tem menor imposto estados brasileiros,2
assassinatos ano passado três mil quinhentos cada cem mil habitantes,2
brasil registrou mais treze mil assassinatos ano passado,2
estados brasileiros possuem efetivo policia menor necessario,2
aposentadoria homem constituicao atual carteira assinada menor renda grande maioria,2
minoria populacao nao consegue completar trinta cinco anos contribuicao carteira assinada,2
petrobras opera setenta porcento capacidade refinarias pais,2
brasil segue logica colonial exportar petroleo cru importar derivado petrobras,1
programa governo quer combater fake news,1
fundo monetario internacional adotam politica teto controle gastos publicos,2
sessenta três porcento populacao brasileira nao respeito venda armas,2
industria brasileira representa vinte sete porcento empregos diretos,1
brasil registra mais sessenta mil homicidios ano media ultimos cinco anos,2
doze milhoes brasileiros buscam emprego atualmente,1
candidato teve mais dezenove milhoes votos dois mil catorze,2
dois mil dez firmamos compromisso crescer cinco porcento pib bruto nacional,2
atualmente cada oito pessoas trabalhando dois aposentados,1
progressao mostra teremos pouco tempo duas pessoas trabalhando oito aposentados,1
protecao foro privilegiado estao impedindo condenacao,2
controle gasto publico dois mil dez metade pib nacional,2
reforma previdencia temer tentou fazer idade minima quarenta nove anos media idade contribuicao,1
pessoa quarenta nove anos podera aposentar apos vinte cinco anos contribuindo,1
processo eleitoral reunem membros pt,1
bolsonaro encontro trump exibe camiseta nba,1
paulo roberto duarte votou dezessete bolsonaro,1
bolsonaro retirou horario verao sendo assim todos estados nenhum tera horario verao este ano,1
sem horario verao todos votos serao computados antes nove hrs,1
haddad chamado ladrao carnaval salvador,1
datafolha divulgou pesquisa mostrando haddad segundo bolsonaro primeiro,1
horario eleitoral sera reduzido autoriza viviane senna,1
veja destaca capa pt fez mais jair bolsonaro durante governo anterior,1
jornalista globo patricia campos mello mostra detalhes vida bolsonaro,1
quarenta nove brigada militar apreendeu quatro urnas eletronicas suspeita terem sido violadas,1
ultimas três urnas eletronicas tem votacao computada faltando menos oitenta porcento apuracao total,1
haddad declara apoio maduro,1
advogados adelio bispo posam lado haddad evento,1
vinte outubro bolsonaro fez declaracao dizendo adversarios coruptos irao cadeia,2
patrimonio total bolsonaro declarado tse,2
bolsonaro faz declaracao repercutiu nordestinos deveriam comer capim artistas manifestaram contra,1
candidato fernando haddad pt ameacado extremadireita diz especialista politica,2
fernando haddad pt tem apoio ministros fhc eleicoes brasil,2
praticamente duplicamos numero universidades brasil ministro educacao,1
governo temer aumenta cinquenta porcento preco gas cozinha desde ano passado,1
programa mais medicos aumenta atendimento todo territorio brasileiro,2
fernando haddad pt atingi vinte nove porcento votos foram mais trinta milhoes votos,2
isencao imposto renda ganha cinco salarios minimos,2
governo preve proposta defendida janeiro dois mil dezoito isencao imposto renda ganha ate cinco salarios minimos,2
psdb indica quatro ministros governo temer remanescente pt,2
fernando haddad pt aprova teto gastos sao paulo,2
marina silva participa movimento impeachment dilma rousseff programa tv,2
bispos catolicos manifestaram contra reforma trabalhista,2
aplicado medida teto gastos fernando haddad pt sao paulo,1
cinco bancos publicos concentram oitenta porcento riqueza nacional,2
populacao elegeu lula primeiro turno tambem elegerar primeiro turno fernando haddad pt,1
reforma partidaria este ano funcao fim clausula barreira gastos,1
mandato limitado suprema corte passa doze treze anos alguns paises,2
lula aumentou mais trinta dois porcento carga tributaria relacao fhc,2
em dois mil dezesseis psdb pmdb sao maioria cidade santos,1
eleicoes dois mil dezesseis pt tem maioria relativamente psdb pp pmdb,1
pt dois mil dezesseis obteve mais sessenta porcento votos regiao nordeste,2
ancora cambial provocou rombo contas externas durante governo fernando haddad pt,2
mais oitenta porcento escolas sao faixa etaria quatro cinco anos idade,2
mais quarenta cinco porcento eleitores votariam lula segundo turno segundo pesquisa ibope,1
piaui alcanca segundo ranking eficiencia gastos seguranca publica,2
haddad obteve mais nove mil novecentos nove votos unica secao,1
custo hidreletrica tumarin nicaragua bancada bndes chega mais bilhao orcamento superior estabelicido planejamento,1
jatos citation sovereign luxuosos fretados atender candidatos fernando haddad enquanto pobres passam fome,2
haddad lanca livro defende pais filhos,1
eleitor bolsonaro xinga haddad missa igreja,1
jose sergio gabrielli teve reportagem divulgada folha spaulo,1
urnas eletronicas tem voto seguro mais oitenta porcento,1
candidato saca cheque sessenta oito milhoes bahia,1
pt nao partido aparelharam poderes pais organizacao criminosa descoberta ,2
hospital tem cama regulagem altura reformadas haddad sao paulo,1
haddad lanca coligacao planejamento gastos quinhentos milhoes,1
apenas dois canditados nao usam fundo partidario coligacao bolsonaro,2
brasil nunca diminiu durante vinte poucos anos carga tributaria diz jair bolsonaro relacao inglaterra,1
camara ceara declarou titulo cidadao cearense fernando haddad pt ,2
presidenta dilma faz foto fidel cuba evento pais,1
brasil tem mais vinte dois hidreletricas construidas durante regime militar ditatorial,1
governo vai exercer controle midia social diz haddad,1
plano governo fernando haddad pt proposta transformar empresas nacionais estatais,1
pt tentou censurar campanha internet durante marco civil,1
programa mais medicos sao medicos cubanos sao comparados brasil,1
dois mil cinco povo decidiu sobre direito armas municoes casa,2
jair bolsonaro quer reducao maioridade penal destaca jornal,2
sistema eleitoral brasileiro nao existe nenhum outro lugar mundo,1
vaza audio bolsonaro dizendo mulher ganhar menos homem,1
brasil vota favor referendo desarmamento,1
presidente bolsonaro aprovou proposta cortar décimo terceiro,1
numero universitarios brasil foram triplicados diz fernando haddad governo pt,1
 nenhum lugar mundo aplica medida teto gastos igual pt,1
mourao propoe confisco conta poupanca brasil,1
fernando haddad nao conseguiu passar segundo turno eleicoes,2
palocci diz campanha dilma rousseff gastou mais bilhao eleicoes,2
jair bolsonaro psl nao faz coligacao nenhum partido,1
passagem falsa encontrada adelio bispo oliveira,1
adelio bispo oliveira agressor bolsonaro encontrado dia seis setembro,1
durante governo pt foram criadas mais cinquenta empresas estatais,2
jair bolsonaro psl promete criar ate trembala ,2
cpmf fernando henrique cardoso criada deputado bolsonaro,2
jose dirceu declarou quando ganhar eleicao assumir poder junto jair bolsonaro,2
depois completar seis anos idade crianca propriedade estado cabe aos pais acatar decisao respeitosamente,1
estado tera direito decidir menino sera menina viceversa aos pais cabe acatar decisao melhor lei criada criancas fernando haddad pt,1
onu apresenta pleito lula destcando fragilidade acusacao contra pt,1
mais cinco bancos publicos concentram maior porcentagem credito brasil diz,2
tasso jereissati falou foram cometidos tres erros resultado eleitoral nao prejudicar governo temer,2
questionamos resultado eleitoral foram aprovados pauta pt embarcamos governo temer prejudicar ,2
jovem esfaqueia bolsonaro descoberto video provar facada acaba falsa identificacao,1
eleicoes dois mil dezesseis pt brilhou contra outros partidos represadas fernando haddad pt,1
resultado eleicoes presidenciais dois mil catorze teve resultado contestacao partidos adversarios,1
ancora cambial fhc provocou estourar contas monumental fernando haddad provocando deficit entre outros paises,2
homem esfaqueou bolsonaro tem ligacao jose adelio bispo oliveira relacionado pdt mineiro,1
foto mostra candidato entrando hospital sofre tentativa homicidio dentro hospital,1
adelio bispo oliveira tentou matar jair bolsonaro cidade juiz fora adelio ligado partido trabalhadores,1
criminoso tentou assessora campanha dilma coligado senado minas,1
exercito brasileiro acaba perdendo tres jovens garotos crime organizado bolsonaro,2
brasil nao conseguiu produzir forma competitiva contra paraguai aumento crescimento industria governo bolsonaro psl,1
datafolha errou pesquisa ultimas eleicoes cinquenta porcento votos menos jair bolsonaro,1
presidente banco central henrique meirelles oito anos jbs friboi conhece bolsonaro,2
governos pt lancam curso tecnico ensino medio entrevista radio jovem pan bolsonaro critica,1
cento vinte seis universidades federais foram criadas cidades brasil durante governo pt diz fernando haddad entrevista tv,1
crianca nove anos idade obrigada tomar tabuada nao sabe cinquenta porcento provas programa avaliacao estudantes jair bolsonaro,1
setenta porcento criancas tem dificuldade tabuadas aponta pesquisa programa governo aprendizagem internacional estudantes passa projeto,1
pesquisas feita tse parana jair bolsonaro aparece frente todos estados mensagem circula whatsapp povo quer renovacao,1
jair bolsonaro diz entrevista sbt policial nao precisa esperar bandido reagir,1
mais vinte dois processos justica contra candidato pt fernando tramitando foro privilegiado sobre presidente pt circula rede nacional,1
fernando haddad pt tem vinte dois processos justica sao paulo contra candidato pt tramitando publica corrente sobre presidenciavel,1
btg saiu mercado financeiro cinquenta dois porcento menos xp quarenta porcento corrente sobre disputa ganha mais mercado,1
mercado financeiro caiu cinquenta dois porcento governo bolsonaro votos validos corrente sobre disputa presidencial noticias quarenta dois porcento menos,1
maluf esta sao paulo ganhando duas eleicoes quarenta porcento votos primeiro turno pesquisa aponta fernando haddad segundo ganhar bolsonaro,1
fernando haddad ganhou sao paulo duas eleicoes quarenta cinco porcento votos primeiro turno mesmo não aconteceu segundo turno eleicoes,1
atualmente brasil tem classificacao superior governo fernando henrique cardoso sendo inferior economicamente,2
brasil vem priorizando comercio mercosul governo jair bolsonaro vies ideologico nao compativel governo pt,1
comercio brasileiro prioriza vies ideologico mercosul jair bolsonaro,1
ibge apresenta numero nao procura emprego tido empregado quem ano passado trabalhou dois tres dias recebe auxilio desemprego constante realidade brasil governo atual,1
questao metodologia numero desempregados ano passado passou numero trabalhou dois tres dias tido empregado procurar empregado passou ser rotina brasileiro jair bolsonaro psl,1
estimular relacao sexual espanto esta leitura agradavel ministro educacao haddad responsavel ministerio distribuiu escolas criancinhas livro pai castiga filha ,1
relacao sexual pai filha espanto disponibilizada governo distribuiu escolas criancas receberam livro nao querer ser voce pensa ja visto tudo enganase distribuicao governo feita escolas brasil,1
fernando haddad julgado lei improbidade juiza prejuizo muito alto construcao civil rendendo lucro pt,2
haddad rel acusado roubo caixa dois esquema empreiteiras construcao civil,2
fernando haddad teve processo improbidade investigado acusado desvio trinta milhoes camara municipal,2
haddad provocou mais trezentos trinta mil cidadaos sem atendimento medico sao paulo,1
prefeitura sao paulo ficou registrado pior prefeito fernando haddad teve pior avaliacao historia,2
fernando haddad investigado por maior rombo mais sete bilhoes rombo prefeitura sao paulo,1
ministro educacao estima atualmente setenta porcento estudantes tem baixo nivel aprendizagem portugues matematica,1
bolsonaro contratou esposa trabalhar gabinete presidencia forma ilegal,1
bolsonaro aumentou salario michelle esposa cargo gabinete presidencia,2
funcionaria fantasma contratada bolsonaro gabinete angra reis,2
patrimonio pessoal bolsonaro ocultado justica eleitoral durante eleicoes,2
bolsonaro acusado ter sonegado impostos receita federal,1
bolsonaro teve enriquecimento ilicito atraves maquina publica investigado pf,1
bolsonaro sendo investigado suspeita lavagem dinheiro noticia divulgada imprensa,1
envolvido caixa dois campanha eleicoes dois mil dezesseis bolsonaro,1
desigualdade entre paises tem violencia tao grande quanto economica diz fernando haddad,2
plano governo pt elaborou propostas desmilitarizacao policias militares item revogacao lei anistia aprovada jair bolsonaro presidente,1
desmilitarizacao policias militares propostas governo jair bolsonaro psl,1
haddad aumenta pesquisas vencendo bolsonaro segundo turno eleicoes brasil,1
qualquer pessoa poder publico vida publica sera investigada wiliam bonner diz jn falando jair bolsonaro,1
imposto brasil nao pago qualquer pessoa proporcionalmente mais pobre pagam menos deveria,1
bolsonaro aparece proximo vitoria eleicao logo primeiro turno brasil pesquisa americana tambem apontou exatidao vitoria trump eua eleicoes,1
agencia americana previu exatidao vitoria trump eua divulgou materia apontando jair bolsonaro vencedor eleicao primeiro turno,1
ministro educacao nao teve voto contradicao psdb apoiado fernando haddad,1
estados unidos aponta mortes chega mais cem mil habitantes numeros sao menores que brasil ,2
programa mais medicos comparado pessoal doze mil medicos aproximadamente foram recebido medicina durante governo jair bolsonaro ,1
qualquer pessoal qualquer conhecimento medicina mais doze mil medicos foram aderidos programa mais medicos este ano,1
pesquisa brasil mostra coisa rara respeito bolsonaro psl nao divulgada antes,1
ibama levou mais dez anos liberar licenca construcao hidreletrica governo atual,2
brasil tem gato anual plano marshall reconstruido pela europa apos segunda guerra mundial ,2
anualmente plano governo brasileiro comeuropa onde apos segunda guerra mundial reconstruiu pagamento juros,2
mais noventa três paises usam urnas eletronicas brasil pioneiro seguido cuba venezuela,1
entre cento noventa três paises mundo apenas sao usadas urnas eletronicas brasil,1
roraima recebeu refugiados venezuelanos ocorreu muita violencia regiao quatro,1
assunto saude bucal representa mais trinta porcento partos acontecem prematuros,1
pior indice educacao brasil prova ocorre hoje ficamos ultimos lugares entre setenta paises mundo,1
praticamente metade verba arrecada sobre juros rolagem divida reaplicada educacao diz bolsonaro,1
roraima menor estado termos riquezas minerais apresenta terras agricultaveis potencial producao indigenista ambiental,1
riquissimo riquezas minerais biodiversidade terras roraima estado gerando divergencia questao indigenista ambiental relata presidente jair bolsonaro,1
mais oitenta três porcento orcamento hoje destinado despesas obrigatorias pais,2
hidreletrica roraima nao pode ser produzida energia estado sera interrompida construcao diz bolsonaro,1
minimo sera ajustado mais novecentos cinquenta reais com isso cento trinta milhoes aplicado economia nacional presos recebera aumento tambem,1
mercadante mobilizou estados municipios aderir plano estadual plano municipal idealizado presidente bolsonaro,1
escandalo fake news descartada respeito declaracao sobre salario feminino menor homens diz bolsonaro,1
ano dois mil dezessete menos novecentos milhoes toneladas cargas foram circuladas portos brasil,2
lula fala sobre fascista referindo fernando haddad durante entrevista programa tv,1
partido psb outros governadores manifestaram apoio fernando haddad,1
creche comunitaria  assunto reuniao negocios pais sera obrigado olhar filhos jair bolsonaro durante dia,1
mais doze porcento custo efeitvo foram cortados sao paulo disse prefeito fernando haddad pt,1
rio janeiro ganha hospitais universitarios federais,2
mais vinte milhoes empregos foram criados doze anos mandato fernando haddad pt sao paulo,2
governo haddad propoe criar plano estatais indo contra jair bolsonaro,1
contra violencia prego sempre pela nao violencia disse jair bolsonaro reporter,1
brasil nao pode falar todo mundo rico brasileiros estao sufocado relatou jair bolsonaro,1
nenhum momento mourao citou que iria acabar décimo terceiro salario fala presidente,1
numero empregos estados unidos aumentou durante periodo governo trump afirmou bolsonaro,2
bsurdo governo federal mec distribui kit satanico escolas publicas fim mundo,1
audio vazado haddad manuela cita bolsonaro complo contra exercito pocilia militar,1
homem camiseta escrito lula livre preso encontrado com mais duzentos kilos cocaina,1
pobres chegando agora tarde sp ferrari vale um milhao oitocentos mil irao apos aeroporto congonhas ,1
bolsonaro encontra bispo edir macedo encontro marcou polemica lado imagem padroeira brasil,1
mais duzentos trinta seis barra pedofilia virou ato ilegal entre criancas partir doze anos deixando ser crime violento,1
politica internacional apontou deputado federal jair messias bolsonaro politico honesto entre todos brasil,1
adversario jair bolsonaro defendeu torturador atualmente fernando haddad critica posicionamento,2
pesquisa realizada mais sessenta nove porcento cidadaos brasileiros declararam pior regime mandato fernando haddad,2
kit gay criado pt filho incentiva praticas sexo partir sete anos escolas publicas disse jair bolsonaro,1
estudos mostram mais quarenta porcento universitarios sao analfabetos funcionais nao sabendo identificar diferenca,1
fernando haddad diz seu adversario falou em combater criminosos fazendo mais cadeia em todo pais,1
haddad declarou lula sera verdadeiro presidente caso seja eleito eleicoes este ano,1
manoela davila defende bandeira lgbt vice haddad disse estar junto nacao brasileira,1
setecentos setenta sete eleitores estao aptos conseguem votar nove mil novecentos nove votos foram destinados candidato pt,1
midia brasileira desaca fake news focando descreditar candidatura jair bolsonaro unico candidato decente confiavel brasil destacou jornal,1
populacao brasileira surpreendida fake news eleicoes candidatura bolsonaro cara unico candidato presidencial respeitoso lei honesto presidir pais,1
haddad relatou eleicao acaba caso dinheiro eleitores fossem destinados campanha,1
urna eletronica teria programa voto automatico candidato fernando haddad pt relatou investigacao,1
populacao ira votar vestida amarela identificar bolsonariano mesarios podem identificar quem votou bolsonaro,1
epoca exigem padres casados divorciados relacionamentos gays casem igreja,1
jean wyllys sera ministro educacao caso governo fernando haddad pt seja eleito,1
alunos universitarios fazem protesto contra candidato bolsonaro manifestacao,1
policia federal apreende carro mais cento cinquenta urnas eletronicas suspeita votos adulterados haddad,1
artistas realizam manifestacao naoha lei rouanet utilizando hashtag elenao,1
revelado lado homofobico dois mil dez plano governo ideia combater homofobia escolas ensino fundamental foco partir seis anos idade nao liberar filmes meninos beijando,1
processo esta conduzido delegadomais ano homem braco direito fernando pimentel governador minas,1
atualmente pt defende ideologia maduro também chavez,2
jose dirceu relatou retirar poderes stf medida preventiva,2
cristianismo tende desaparecer numero seguidores vem encolhendo entre populares jesus neste momento segundo manuela,1
sao paulo teve superavit mais cinco bilhoes relatou geraldo alckmin psdb,2
alvaro dias disse que nao recebe auxilio moradia nem recebe verba indenizatoria governo,2
cerca dois milhoes bolsas foram liberadas pelo prouni governo pt,2
dinheiro destinado fies universidade publica menor que ideal disse guilherme boulos psol,1
cerca cinquenta dois milhoes brasileiros encontram-se hoje linha pobreza disse alvaro dias,2
presidente bolsonaro esta recebendo auxilio moradia fala guilherme boulos psol,2
dilma enquanto presidente fez promessa entregar seis mil creches porém entregou apenas oitenta,1
proprietario carro paga ipva proprietario jatinho helicoptero nao paga nada,2
acoes empresa taurus teve aumento mais cento oitenta porcento ultimos dois meses,2
bolsonaro vive dizendo que ira acabar décimo terceiro salario ferias destaca ciro gomes,2
zerei icms varios produtos como farinha trigo pao macarrao medidas melhorar economia,2
lula politico mais bem avaliado ultimos anos mais oitenta seis porcento aprovacao,2
brasil atualmente mais setecentos sessenta mil pessoas estao presas nos presidios cadeias lotadas ciro gomes,2
maioria entre setecentos sessenta mil presos sao jovens alguns pegos minusculas quantidades drogas,1
toda mulher gravida pode trabalhar em casa apos reforma trabalhista marina silva diz sua proposta governo,2
cidadao pobre tera pagar pericia tecnica precisa entrar justica marina silva destaca ,2
durante governo fhc carga tributaria chegou mais vinte seis porcento durante pt trinta dois porcento,2
imposto etanol reduzido vinte cinco porcento doze porcento menor ano passado,2
governo psdb esta dezesseis anos poder sem muita evolucao pais,1
cerca trinta milhoes cidadaos sobrevivem apenas com servico temporario destacou ciro gomes,2
foram acumulados cerca quatrocentos bilhoes dolares colocados reservas cambiais,2
ministro educacao relata triplicou quantidade universitarios brasil,1
brasil tem mais duzentos vinte mil pontos comercio fechados este ano,2
candidato fernando haddad destaca que ira chamar constituinte,2
boulos diz fazer reparo respeitoso educacao saude crescimento pec acima inflacao anual,2
brasil tem mais catorze milhoes familias dependentes bolsa familia,2
general mourao convocar conselho notaveis sera nomeado bolsonaro congresso nacional participacao processo submeter conselho plebiscito referendo populacao nacional,2
cerca cinquenta cinco milhoes cidadaos encontram estado abaixo linha pobreza atualmente pais,2
evento seis setembro teve criminoso tentando entrar camara identidade adulterada,1
brasil unico pais com voto eletronico sistema eleitoral nao existe outro pais,1
ex presidenta dilma regularizou dois mil catorze qual foram descoberto voto eletronico ,1
achada imagem mulher ganhando menos homem noticia divulgada audio,1
apos estatuto desarmamento indice criminalidade aumentou,1
sao paulo cresce ideb primeiro ciclo tambem cresceu segundo ciclo perdendo ensino medio,2
menor indice mortalidade infantil brasil estado ceara destacou ciro gomes,1
imposto ipva nao cobrado jatinho helicoptero injusto,2
participacao governo gerou doze anos vinte milhoes novos empregos ,2
marina participa movimento favor impeachment presidente temer protesto tirar presidente poder ,2
mais quatrocentos milhoes cidadaos pais estao estado extrema pobreza,1
pessoas aposentam muito cedo ganham menos deveriam chegando sessenta cinco anos idade aposentar ,2
pesquisas mostraram haddad ganha eleicao bolsonaro segundo turno eleicoes dois mil dezoito,2
fernando haddad pt fala quando ministro educacao elaborou projeto levou banda larga escolas urbanas brasil,1
alvaro dias partido podemos contou que expulso psdb por ter apoiado cpi investigar corrupcao,2
durante governo fhc aumentado mais vinte seis porcento pib carga tributaria governo seguinte passou trinta dois porcento,2
pib carga tributaria não aumentado pelo pt,2
cerca terco jovens estao desemprego hoje brasil,2
entre maioria candidatos somente geraldo alckmin apresentou medidas tentar combater criminalidade,1
presidente jair bolsonaro passou cerca trinta anos congresso nunca assumiu cargo presidente camara,2
voce vera seu filho ensino medio escola rede publica passando dia escola fazendo tres refeicoes disse ceara ciro gomes pdt governador estado,2
escola rede publica tempo integral aprendendo profissao estagio empresa pago governo relata ciro gomes ceara,2
programa prouni beneficiou cerca dois milhoes estudantes classe baixa renda brasil,2
mais vinte milhoes empregos foram criados pelo pt disse fernando haddad,1
alvaro dias partido podemos disse que governador parana cerca oitenta porcento aprovacao,2
candidato relatou que reduziu mais oitenta porcento desmatamento,1
idade minima hoje pessoas aposentarem sessenta cinco anos,2
audio mostra enfermeira ataque surto logo apos divulgar pesquisa ibope bolsonaro,1
absurdo candidato grita lulaladrao cara voces irao votar lulaladrao mesma coisa falado dilma temer,1
programa divida zero governo antes citado ciro gomes sequer mencionou referencia programa nome limpo ciro gomes,1
arquivado recente processo jose serra prescrito processo investiga caixa dois parlamentar,1
mais quatro bancos onde dois sao publicos esta concentrado cerca oitenta porcento credito nacional,2
nunca foram atraidos tamanho investimentos estrangeiro pais brasil,2
jamais houve processo denunciado corrupcao candidato henrique meirelles mdb,2
brasil registra hoje cerca sessenta três mil assassinatos ano disse,2
mais oito milhoes pessoas vivem hoje linha pobreza disse geraldo alckmin psdb,2
enquanto aqui estamos nesse debate mais tres pessoas estao morrendo hepatite c disse candidata marina silva rede,1
assumi pib baixa cinco porcento aumentei enquanto governo disse henrique meirelles,2
fernando haddad candidato pt disse que seu mandato gerou cerca vinte milhoes novos empregos,2
numero estupros cegou mais cinquenta mil disse marina silva candidata rede,2
cerca três milhoes bolsas foram criadas prouni jovens baixa renda brasil durante governo pt,2
pedido pelo pt dezenas vezes impeachments contra presidente fhc,1
classe pobre deve pagar imposto proporcionalmente renda disse ciro gomes,2
cerca sessenta dois milhoes brasileiros  vivem hoje abaixo linha pobreza,1
governo dilma teve menos terras demarcadas relacao governo temer,2
governo cearense cobra oito porcento herancas grandes sao paulo taxa quatro porcento analisou ciro gomes,2
agricultura pequenas familias corresponde oitenta porcento producao sua mesa ciro,2
programa pronaf agricultura familiar jamais recebeu tanta quantidade recursos pelo governo pt,1
mais milhao pessoas foram encontrar bolsonaro brasilia populacao focada confiante vencera primeiro turno eleicoes,1
impostos sao paulo nao sofreram aumento durante governo fernando haddad pt,1
estatistica brasil aponta cada cem alunos apenas cinquenta nove completam ensino medio mais trinta abandonam ,1
evasao escolas brasil sao paulo tem menor indice governo fernando haddad pt,1
superavit sao paulo ano passado mais quatro bilhoes durante fernando haddad,2
poucos paises possuem inflation target chamada meta inflacao igual brasil,1
ministro fazenda relatou inflacao mais três porcento mes sendo que entregou zero porcento mes,1
reforma trabalhista tem promessa mentirosa nao ira superar desemprego novecentos oitenta mil desempregados pais,1
ministro fazenda relata periodo crescimento desempregos pais vem crescendo cerca três porcento mes,2
haddad disse que assinara indulto lula em sua posse logo apos sera nomeado chefe casa civil,1
rachel dodge argumenta em frase maior forca contra voto impresso seria comprometimento mostrar falha seguranca votacao eleicoes,2
roubos veiculos diminuiu trinta quatro porcento desde mesmo periodo ano passado,2
numero homicidios foram reduzidos mais seis porcento disse geraldo alckmin psdb,1
bolsa familia sera cortado caso governo temer assuma presidencia ,1
governo temer aumentou gasolina diesel mais cinco porcento,2
alvaro dias partido podemos senador mais votado eleicoes passada brasil,2
dilma realizou afastamento renato duque segundo rumor estaria envolvido esquema propina,1
plano metas chegar mais cento vinte três cumprir meta anual,2
prefeitura sao paulo entregue cerca cinco bilhoes caixa superavit,2
foto gleisi hoffmann vista celular adelio bispo possivel autor atentado contra bolsonaro,1
brasil voltou alto indice fome apos dois anos,1
governo lula marcado por duplicar vagas universidades federais brasil,2
cerca vinte cinco porcento professores educacao basica nao passaram por licenciatura universidade qual disciplina leciona,1
mais vinte sete porcento populacao ate dezoito anos nao estudavam dois mil dezessete faixa entre vinte cinco ate vinte nove cerca cinco porcento,2
mais metade jovens entre catorze ate vinte nove anos deixaram completar ensino medio brasil,2
creches criancas zero ate três anos ofertam cerca trinta porcento apenas,2
atualmente maioria estudantes fundamental tem dificuldade niveis proficiencia aprendizagem,2
fotos destaca homem que poderia ter atacado bolsonaro mutidao,1
presidente banco central indicado presidente lula obteve crescimento cerca dez milhoes novos empregos brasil sete anos,2
fortuna meirelles declarada tse chega cerca quatrocentos milhoes reais,2
dois mil dezesseis foram registrados mais quinhentos quarenta porcento taxa juros cartao credito,1
banco central portugal define juros dezesseis porcento ano comparado brasil,2
ceara aumentou numero homicidios dobrando ultimos dez anos relatou canditada marina silva,2
ceara tem tres escolas ensino medio oferecem estagio remunerado disse ciro gomes pdt,1
lei diz mulheres mesmas funcoes devem ganhar mesmos salarios homens,2
eramos vigésimo quinto estado mais perigoso sendo atualmente segundo mais seguro pais disse geraldo alckmin,2
brasil atualmente quinto numero morte contra mulheres numero espanta,2
numero mulheres negras sao agredidas atualmente muito alto disse marina silva,2
sao paulo atualmente cerca noventa mil presos fazem trabalho interno estudam candidato geraldo alckmin,1
numero atualmente apontam mais trinta mil assassinatos ano sao jovens,2
historia mostra primeira vez brasil teve presidente acusado bancar corrupcao formacao quadrilha ciro gomes,2
geraldo alckmin criador programa intitulado mulheres peito brasil programa ajudar mulheres,2
governo temer provocou corte programa bolsa familia criado pelo governo pt,1
onu decide presidente lula podera ser candidato mesmo com registro negado lei ficha limpa,2
ocorreu brasil dois mil dois grave crise economica afetando toda rede importacao pais,2
populacao tem divida media quatro mil duzentos spc disse ciro gomes pdt debate,2
pf investiga esquema planejava assassinato presidente enquanto campanha eleicoes jair bolsonaro,1
voce sabe apoado mendonca filho partido dem candidatura video mostra michel temer sendo cumprimentado geraldo alckmin,2
candidatura michel temer geraldo alckmin apoiada ministerio saude outros tres ministerios,2
industria comercio apoia candidatura governo continua apoiando base michel temer agricultura comercio,2
volto falar psdb partido ajuda governo base michel temer video mostra geraldo alckmin,2
nomeado jose serra enquanto ministerio relacoes exteriores divulgou video apoio temer,2
partido psdb levado dentro planalto apoiado imbassahy presidente temer,2
neste ano foram criadas mais quatrocentos quarenta mil novos empregos carteira assinada,2
capital investimento infraestrutura estatistica mostra numero muito baixo relacao sessenta cinco porcento pais japao mais quarenta porcento india,1
investimento nacional chegou topo seculo atual dois mil treze representa vinte porcento pib com quedas constantes dezesseis porcento ano,2
populacao pobre atualmente corresponde mais quinze milhoes cidadaos numero divulgado pesquisa ibge este ano,2
durante governo jk crescimento anual media era mais nove porcento ano numero vem caindo constante,2
criticas sobre demora licenciamento vem aumentando durante periodo recente,1
dois mil dez venho defendendo que pessoas possam transitar capitalizacao contribuicoes brasil atualmente,2
estudo mostra ufmg cerca oitenta porcento atividades domesticas sao realizadas por mulheres atualmente,2
apos governo temer assumir presidencia estatistica deficit publico aumentou,1
mais vinte cinco mil homicidios segundo atlas violencia dois mil dezoito estatistica mostra aumento preocupacao,1
cerca metade populacao estao estado linha pobreza entre maioria mulheres conjuge filhos maximo catorze anos idade,1
brasil atualmente baixo crescimento producao apenas vinte dois porcento foram registrados media ultimos trinta anos nao passou dezoito milhões oitocentos oitenta,2
governo planeja promover cidadania lgbt estatistica mostra cerca cento oitenta itens desconstrucao heteronormatividade utilizados algumas escolas homem mulher forma errada,1
alguns eventos lgbt infantil estavam divulgando material acabar homofobia conhecido kit gay publicado material livro onde mostra aparelho sexual,1
voce nunca presenciou falando sobre empregar mulheres salario menor homens disse candidato,1 
unico parlamentar votou contra pec empregadas domesticas ambos turnos,1
candidato falou unico proposta tributaria apresentada programa governo eleicoes,1
ensino medio ceara cerca tres escolas possuem ensino integral cursos profissionalizante,1
lava jato investiga candidatos partido psdb ninguem preso ate momento,2
governador mais popular brasil disse prefeito capital,2
brasil obteve ultimos sete anos queda dezessete posicoes ranking global innovation index,1
ano dois mil dezessete numero novos empregos passou milhao trabalhadores direta indiretamente empresas energias renovaveis,1
area biocombustiveis criou cerca setecentos noventa cinco mil empregos,2
atualmente brasil lider ranking mundial transtornos ansiedade infelizmente indice elevado casos registrados,2
ano dois mil quinze mais treze milhoes familias brasileiras receberam bolsa familia governo temer apos assumir ameacou programa durante seu governo mais trezentos vinte seis mil domicilios perderam programa,1
aumento lei cotas provocou crescimento mais duzentos oitenta seis porcento numero estudantes negros universidades federais brasil,1
educacao superior estima matriculas saltaram três milhoes entre dois mil dois cerca oito milhoes ano dois mil quinze,2
mais vinte porcento populacao brasileiras pagam planos saude individuais privados,2
dois mil dezesseis cerca dois porcento numero mortes violentas registradas brasil estao associadas acoes policiais,1
custo efetivo total uniao entre dois mil doze ate dois mil dezesseis dezoito empresas governo mais cento vinte bilhoes periodo oitenta nove bilhoes setenta dois porcento total gasto anual,1
previsto plano governo atual dois mil dezenove pais teria deficit primario mais cento trinta bilhoes cofres publicos,2
valor renuncias tributarias registra mais trezentos três bilhoes este ano chegando dezenove porcento em dois mil dezenove,2
sao paulo nao teve nenhum projeto aprovado,1
presidente lula relatou estar orgulhoso por ter sido presidente brasil pagou fmi,2
levando conta ensino superior brasil gasta pouco verba destinada ensino basico jair bolsonaro,2
estatistica mostra jovens chega nove ano termina ensino basico nao sabe ler nem fazer interpretacao texto corretamente apenas trinta porcento sabem realmente realizar operacoes simples matematica,2
brasil investe mal apenas seis porcento pib educacao outros paises investem mais cinco porcento pib nacional,2
fizemos propostas aprimoramento programa bolsa familia tambem abono salarial incluindo algumas vantagens beneficiarios meta fazer todo brasileiro possua renda igual superior valor pago programa bolsa familia,1
economia cresceu cerca cinco porcento ano durante governo pt brasil,1
presidente temer fez reajuste salario minimo muito abaixo inflacao atual este ano,2
numeros mostram pt gerou aproximadamente vinte milhoes novos empregos brasil,2
estatistica aponta numero mulheres cursos pos graduacao sao maioria entre homens,2
lula enquanto presidente quem criou maior numero universidades federais pais,2
candidato argumentou arma causasse explosao mortes eua seria pais violento mundo possuir grande quantidade armamento,1
proposta presidente temer reforma previdencia inicial falando sessenta cinco anos idade minima aposentadoria incluindo homens mulheres tambem policial militar,1
mulheres devem ganhar menos homens por engravidarem relatou candidato contra salarios iguais generos,1
metade territorio brasileiro demarcado indigenas parque nacional quilombola durante governo atual,1
investimento brasil apenas seis porcento pib educacao numeros outros paises chega cerca cinco porcento pib nacional,2
numero efetivo onze mil policiais federais realizando tarefas carimbar papel,1
salario minimo governo lula aumentou setenta seis porcento poder compra desde posse dilma estatistica aumentou trezentos porcento,1
cerca noventa três porcento numero trabalhadores brasileiros nao sao sindicalizados,2
joel malucelli sera investigado estar ligado diretamente empresa investigada lava jato,2
portugueses passaram continente africano periodo escravidao,1
fiz mais quinhentos projetos apresentados disse candidato,1
parlamentar ciro gomes relatou candidato durante quatro anos mandato nao aprovou nem apresentou nenhum projeto,2
alberto youssef relatou delacao premiada tres deputados federais partido pp recebiam dinheiro petrobras citados foram ana amelia jair bolsonaro paulo maluf,2
brasil tem imposto sobre heranca oito porcento ja estados unidos imposto quarenta porcento,2
brasil donos carros pagam ipva inicio ano donos jatinhos helicopteros iates nem pagam impostos,2
tabela sus nao corrigida mais dez anos pelo governo federal nenhum reajuste feito todo esse periodo,1
orcamento destinado universidades federais sera apenas trinta porcento educacao basica nacional decretou governo federal,2
brasil registra mais dezesseis mil sindicatos entre eles onze mil menos sao sindicatos trabalhadores cinco mil patronais,2
geraldo alckmin perdeu moradia sao paulo perdeu tambem pesquisa opiniao intencao voto,1
cassar mandato deputado federal ultimos anos recordista mesmos partidos mesmos parlamentares sempre foram cassados varias vezes,2
brasil tem atualmente mais vinte cinco porcento maes solteiras,2
emenda constitucional respeito propriedade privada relativizou mais setenta porcento,1
anos oitenta aproximadamente terco riqueza brasileiros vinha industria hoje esse numero bem menor apenas onze porcento riqueza brasileira vem setor,1
inumeros brasileiros estao atualmente sofrendo humilhacao por estarem nomes sujos spc serasa cerca sessenta três milhoes brasileiros nessa mesma situacao,2
cerca trinta dois milhoes brasileiros homens mulheres sofrem empregos informais,2
provas provocaram prisao condenacao sentenca enviada foram atos indeterminados,1
pais paraguaio vem crescendo anualmente cerca sete porcento,1
numeros mostram cerca setenta porcento alunos jovens nao sabe regra tres simples matematica,2
hoje brasil existem cerca treze milhoes cirurgias eletivas pendentes ,1
brasil registrou mais sessenta mil mortes armas fogo ultimo ano,2
mais setenta porcento criancas brasileiras hoje nao possuem acesso creches,2
cerca cinquenta porcento maes filho ate ano tem dificuldade em conseguir emprego mercado trabalho,2
icms  brasil sobre alcool salta dezoito porcento vinte cinco porcento aumento,1
cerca treze mil assassinatos foram registrados ano dois mil ano passado três mil quinhentos,2
cerca vinte porcento populacao nao chega completar trinta cinco anos contribuicao carteira assinada essas pessoas aposentam sessenta cinco anos,2
refinarias petrobras operam atualmente setenta porcento capacidade total reduzindo producao geral,2
petroleo volta ser exportado cru logica antigamente,1
atualmente existem mais sete milhoes imoveis abandonados,1
programa sera mantido plano governo quero combater fake news disse candidato,1
fundo monetario internacional declarou mais quarenta cinco paises adotam politica teto gastos controlar gastos publicos,2
referendo atingiu posicao sessenta três porcento populacao revogar trinta cinco aceitando venda armas fogo,2
setor industria brasil corresponde cerca vinte sete porcento novos empregos atualmente,1
numero pessoas procurando emprego chega cerca doze milhoes,1
dezenove milhoes votos ano dois mil dez ja quantidade ano dois mil catorze chegou marca vinte dois milhoes votos ,2
dois mil dez proposta era gastar apenas arrecadado compromisso gastando apenas metade crescimento pib,2
atualmente entre oito cidadaos trabalham dois irao aposentar pouco tempo esse indice tente aumentar vamos ter duas pessoas aposentadas cada oito crescendo anualmente,1
plano governo teria controle gastos publicos desde dois mil dez propondo gastar apenas cinquenta porcento crescimento pib anual,2
problema reforma previdencia dizer pessoa tera passar tempo quarenta nove anos poder aposentar tera completar vinte cinco anos contribuindo,1
observadores processo eleitoral acham estranho membros pt reunirem foram liderados haddad,1
paulo roberto digitei dezessete bolsonaro confirmei voces nao estao adulterando urnas eletronicas,1
cancelamento horario verao fechamendo urnas eletronicas programadas horario todos votos serao computados ate nove horas,1
haddad chamado ladrao carnaval salvador foto publicada virada,1
pesquisa datafolha computou candidato haddad voto bolsonaro declarado vencido,1
horario eleitoral bolsonaro autorizado despedida viviane senna utilizar tema vitoria piano,1
capa veja mostra bolsonaro chegando governo acabando pt,1
jornalista patricia campos mello faz materia mostrando posicao contra bolsonaro,1
quatro advogados ficaram lado lado adelio bispo haddad,1
odisseia fm divulgou mil quarenta nove brigada militar apreenderam quatro urnas eletronicas sendo três urnas preenchidas voto eleicoes haddad menos oitenta porcento,1
patrimonio delcarado candidato bolsonaro seria inferior real patrimonio,2
data vinte outubro candidato bolsonaro gravou video falando adversarios irao cadeia exilio sem lugar brasil,2
bolsonaro falou forma preconceituosa sobre nordestinos segundo presidente nordestinos deveriam comer capim falou ele,1
ano dois mil dezesseis entrevista realizada canal tv falou ameacaria extremadireita brasil fala teria sido destinada candidato fernando haddad pt,2
praticamente foram triplicamos quantidade universitarios brasil disse ministro educacao ,1
governo temer responsavel dobrar preco gas cozinha este ano,1
programa mais medicos responsavel mais sessenta milhoes brasileiros atendidos pais,2
em campanha durante vinte dias foram atingidos mais vinte nove porcento votos fernando haddad,2
imposto renda ganha ate cinco salarios minimos preve ficaram isentos plano governo,2
psdb partido responsavel indicar quatro ministros governo temer remanescente pt,2
candidata marina silva participou movimento pedindo impeachment presidenta dilma rousseff pt,2
manifestacoes realizadas brasil bispos catolicos declararam forma contraria reforma trabalhista,2
medida teto gastos realizadas apenas brasil nao existe nenhum outro pais,1
oitenta porcento credito estao concentrados cinco bancos nacionais sendo dois publicos,2
haddad fez proposta mandato suprema corte quinze anos outros paises,2
reforma partidaria este ano objetivo por fim clausula barreira nacional,1
eleicoes dois mil dezesseis partido pt todas delacoes relacionadas psdb pp pmdb foram represadas,1
pt dois mil dezesseis perdeu sessenta porcento votos pais fernando haddad pt,2
noventa porcento faixa etaria escolas estao entre quatro ate cinco anos,2
cerca cinquenta porcento votos responderam votariam lula segundo turno caso houvesse contra qualquer outro candidato,1
estado piaui esta segundo lugar ranking gastos publicos relacao seguranca,2
apenas fernando haddad obteve nove mil novecentos oito votos unica secao,1
custeada bndes hidreletrica tumarin nicaragua atingiu cerca bilhao,1
bolsonaro xingou candidato fernando haddad missa petista estaria passando local eleitor bolsonaro,1
encomendada reportagem jose sergio gabrielli jornal folha spaulo respeito candidato eleicoes,1
urnas estariam alguns votos preenchidas favor haddad cerca oitenta porcento secao,1
quadrilha tentou roubar sessenta oito milhoes candidato haddad estado bahia,1
carlos vereza relatou pt partido seria organizacao criminosa comanda poderes brasil,2
eu cresci ruas disse haddad dentro hospital deitado cama,1
haddad participa coligacao cerca quinhentos milhoes campanha presidencial,1
so três milhoes nao sao usados parte fundo partidario candidato jair bolsonaro psl,2
inglaterra vinte poucos anos antes diminuiram carga tributaria equilibrar economia disse bolsonaro,1
fernando haddad pt teve titulo cidadao cearense concedido pela assembleia legislativa estado ceara,2
brasil tem vinte dois hidreletricas sendo vinte delas construidas regime militar ditatorial,1
haddad disse plano governo objetivo exercer controle social midia pais,1
nao existe nenhuma comprovacao serem medicos fazem parte programa mais medicos brasil medicos sem identificacao,1
referendo dois mil cinco populacao votou decidir teria direito comprar armas fogo,2
iremos trabalhar melhorar reducao maioridade penal populacao deseja disse jair bolsonaro,2
voto eletronico mostra seguranca sistema eleitoral nao existe outro lugar mundo tao seguro eficiente,1
bolsonaro plano governo mostra ira cortar décimo terceiro salario trabalhadores,1
tripliquei numero universitarios brasil aumentando mais terco quantidade universidades federais disse haddad,1
outros lugares mundo nao aplicam medidas teto gastos igual brasil totalmente diferentes ,1
fernando haddad nem conseguiu chegar segundo turno estado sao paulo votacao bem abaixo esperado,2
jose dirceu declarou ganharia eleicao qualquer forma assumir poder nacional,2
onu realizou pleito apresentado lula mostrando fragilidade acusacao contra canditado fernando haddad pt,1
tasso jereissati declarou cometer tres erros atrapalharam resultado eleitoral nao acreditavamos iriam prejudicar pt,2
jovem responsavel esfaquear bolsonaro facada noticia falsa teria falecido,1
anunciado apuracao votos eleicoes presidenciais dois mil catorze fernando haddad pt contesta,1
adelio bispo seria pessoa tentou matar jair bolsonaro evento candidatura juiz fora ele filiado pt,1
homem tentou matar bolsonaro estaria ligado campanha dilma senado minas,1
brasil nao consegue realizar producao forma competitiva igual paraguai numero apontam producao inferior,1
ultimas eleicoes pesquisa datafolha errou mais sessenta porcento,1
candidato henrique meirelles cargo presidente banco central durante oito anos candidato tambem esteve jbs barra friboi,2
governos pt eliminou curso tecnico ensino medio disse jair bolsonaro psl entrevista concedida radio jovem pan,1
crianca nove anos idade nao sabe tabuada estatistica aponta setenta porcento nao sabem,1
pesquisas registrado tse parana mostra bolsonaro vence eleicoes maioria estados populacao renovacao noticia esta circulando aplicativo mensagem whatsapp,1
policial precisaria esperar ladrao atirar primeiro mostrar reacao errado disse presidente jair bolsonaro entrevista concedida sbt,1
brasil tem atualmente ranking superior mesmo periodo governo fhc,2
leitura disponibilizada ministro educacao estaria estimulando pai converse sobre relacao sexual filha fernando haddad fica espantado noticia frente ministerio governo distribui escolas publicas,1
ibge divulga pesquisa numero desempregados atualmente nao procuram emprego ano anterior apenas dois tres dias emprego temporario recebeu auxilio desemprego,1